Pathogen,Classification,Country,Sample_size,Mean_value,Lower,Upper,Reference
S. Typhi and S. Paratyphi,Nalidixic acid res.,Australia,39,5.6,,,Hume et al.
S. Typhi,MDR,Turkey,137,3.2,2.96556856653428,3.43443143346572,Aypak et al.
S. Typhi,MDR,Turkey,15,4.6,3.6890910554452,5.5109089445548,Aypak et al.
S. Typhi,MDR,India,8,8.74625,4.50615962830081,12.9863403716992,Bandyopadhyay et al.
S. Typhi,MDR,Pakistan,77,24.6354629624082,16.3226800798745,32.9482458449419,Herekar et al.
S. Typhi,MDR,Pakistan,629,10.0401346866298,7.39915391708412,12.6811154561756,Herekar et al.
S. Typhi,XDR,Pakistan,86,18.7840493026826,14.9371275709559,22.6309710344093,Herekar et al.
S. Typhi,XDR,Pakistan,679,9.48517650709376,7.68618272031857,11.2841702938689,Herekar et al.
